{
    "colors": {
        "r": 20,
        "g": 119,
        "b": 205,
        "black": "#282a36",
        "light_black": "#222430",
        "grey": "#222430",
        "red": "#ff5c57",
        "green": "#5af78e",
        "yellow": "#f3f99d",
        "blue": "#57c7ff",
        "magenta": "#ff6ac1",
        "cyan": "#9aedfe",
        "white": "#f1f1f0",
        "brightBlack": "#686868",
        "brightRed": "#ff5c57",
        "brightGreen": "#5af78e",
        "brightYellow": "#f3f99d",
        "brightBlue": "#57c7ff",
        "brightMagenta": "#ff6ac1",
        "brightCyan": "#9aedfe",
        "brightWhite": "#eff0eb"
    },
    "cssvars": {
        "font_main": "United Sans Medium",
        "font_main_light": "United Sans Light"
    },
    "terminal": {
        "fontFamily": "Fira Mono",
        "cursorStyle": "block",
        "foreground": "#87b7cc",
        "background": "#222430",
        "cursor": "#87b7cc",
        "cursorAccent": "#16739c",
        "selection": "rgba(239,240,235,0.3)"
    },
    "globe": {
        "base": "#16739c",
        "marker": "#ad0c0c",
        "pin": "#04b80a",
        "satellite": "#e3f213"
    },
    "injectCSS": "section#main_shell{position:relative;left:29vh;}section#main_shell>h3.title{left:calc(29vh + 16.5vw)!important;}section#mod_column_right{left:28.5vh!important;}section#mod_column_right>h3.title{left:29.6vh!important;}div#mod_netstat_inner{height:6.85vh;padding-top:.5vh;}div#mod_globe_innercontainer{padding-bottom:.95vh;}div#mod_conninfo canvas{height:8vh!important;} @media (aspect-ratio:64/27) {section#mod_column_left > h3.title{left:1.6vh!important}section#mod_column_left{left:1vh !important}section#mod_column_right > h3.title{left:44vh!important}section#mod_column_right{left:43vh !important}section#main_shell > h3.title{left:37vw !important;width:60% !important}section#main_shell{left:41vh;width:60%}}"
}
